username,total_attempts,failures,failure_rate,unique_ips,odd_hours,z_score
jamie59,20,6,0.300,1,9,2.27
timothy59,20,6,0.300,1,1,2.27
lisa72,22,6,0.273,1,3,2.00
vazquezjudith,23,6,0.261,1,7,1.88
jmahoney,23,6,0.261,1,2,1.88
johnbenton,23,6,0.261,1,2,1.88
brianfrost,27,7,0.259,1,8,2.01,#
brandonduncan,24,6,0.250,1,13,1.76,#
peter87,24,6,0.250,1,3,1.76,
gprice,24,6,0.250,2,4,1.76,
jhall,21,5,0.238,1,2,1.48,
daniellestokes,21,5,0.238,1,7,1.48,
kimberlyrodriguez,21,5,0.238,1,3,1.48,
william98,21,5,0.238,1,4,1.48,
matthew58,22,5,0.227,1,9,1.37,
norrisjustin,22,5,0.227,1,6,1.37,
douglascurtis,23,5,0.217,1,1,1.26,
summer44,23,5,0.217,2,3,1.26,
panderson,23,5,0.217,1,1,1.26,
jessica17,23,5,0.217,1,8,1.26,
christopher33,19,4,0.211,1,7,1.05,
hquinn,19,4,0.211,1,2,1.05,
rhill,24,5,0.208,1,7,1.15,
alexanderstanley,24,5,0.208,1,4,1.15,
rsims,24,5,0.208,1,3,1.15,
douglasthompson,24,5,0.208,1,4,1.15,
gregory00,24,5,0.208,1,7,1.15,
travis79,24,5,0.208,1,4,1.15,
keith15,20,4,0.200,1,4,0.94,
freemansteve,20,4,0.200,1,6,0.94,
anna88,21,4,0.190,1,3,0.83,
ashleydavis,21,4,0.190,1,6,0.83,
rodriguezjonathon,21,4,0.190,1,8,0.83,
dbryant,21,4,0.190,1,8,0.83,
jessicaballard,22,4,0.182,1,6,0.73,
stacyhenderson,22,4,0.182,1,2,0.73,
haleybaker,22,4,0.182,1,5,0.73,
torresmichelle,22,4,0.182,1,8,0.73,
gshaw,22,4,0.182,1,2,0.73,
johngutierrez,23,4,0.174,1,3,0.64,
vallen,23,4,0.174,1,3,0.64,
lsims,23,4,0.174,1,5,0.64,
stephaniedennis,23,4,0.174,1,6,0.64,
mbutler,18,3,0.167,1,4,0.47,
timothy68,19,3,0.158,1,7,0.37,
frankscott,19,3,0.158,1,5,0.37,
leahryan,19,3,0.158,1,3,0.37,
owillis,19,3,0.158,1,5,0.37,
kaylee95,20,3,0.150,1,6,0.27,
parkercasey,20,3,0.150,1,2,0.27,
terrence47,20,3,0.150,1,3,0.27,
drichardson,20,3,0.150,1,6,0.27,
cheryl12,20,3,0.150,1,6,0.27,
conleyjames,20,3,0.150,1,3,0.27,
robert38,20,3,0.150,1,4,0.27,
ylopez,21,3,0.143,1,2,0.18,
elizabeththompson,21,3,0.143,1,2,0.18,
john63,21,3,0.143,1,5,0.18,
logankline,21,3,0.143,1,0,0.18,
lorilong,21,3,0.143,1,3,0.18,
melaniehernandez,21,3,0.143,2,4,0.18,
fernandezcourtney,21,3,0.143,1,8,0.18,
jeffrey82,21,3,0.143,2,3,0.18,
david67,22,3,0.136,1,2,0.10,
halljessica,22,3,0.136,1,5,0.10,
laurakaufman,22,3,0.136,1,1,0.10,
francisco90,22,3,0.136,2,6,0.10,
scottjohnson,22,3,0.136,1,8,0.10,
wilsonlisa,22,3,0.136,1,7,0.10,
debracollier,22,3,0.136,3,8,0.10,
hollandwendy,23,3,0.130,1,4,0.02,
kempjoel,23,3,0.130,1,5,0.02,
meganrose,23,3,0.130,1,6,0.02,
yvega,23,3,0.130,2,2,0.02,
johngarrison,23,3,0.130,1,5,0.02,
steven00,23,3,0.130,1,3,0.02,
kathleenbowman,17,2,0.118,1,1,-0.14,
rodneyjohnson,17,2,0.118,3,6,-0.14,
kylieabbott,18,2,0.111,1,4,-0.23,
foleyjose,18,2,0.111,1,3,-0.23,
jamiehunter,18,2,0.111,1,5,-0.23,
tarahunt,18,2,0.111,1,6,-0.23,
josephjohnson,18,2,0.111,1,3,-0.23,
werneranna,19,2,0.105,3,0,-0.31,
griffinashley,19,2,0.105,1,5,-0.31,
denisebaker,19,2,0.105,1,5,-0.31,
gary33,19,2,0.105,1,1,-0.31,
joycekim,19,2,0.105,1,0,-0.31,
marissa71,19,2,0.105,1,5,-0.31,
stephanie56,19,2,0.105,1,7,-0.31,
ywilliams,19,2,0.105,1,2,-0.31,
joseph60,20,2,0.100,2,1,-0.39,
oboyd,20,2,0.100,1,3,-0.39,
courtneyanderson,20,2,0.100,1,3,-0.39,
ggreene,20,2,0.100,1,3,-0.39,
kevin90,20,2,0.100,1,4,-0.39,
houstoncody,20,2,0.100,1,5,-0.39,
sharonmullen,20,2,0.100,1,3,-0.39,
tuckerpaula,20,2,0.100,1,6,-0.39,
michelle42,21,2,0.095,1,8,-0.47,
richardjuarez,21,2,0.095,1,4,-0.47,
fredberry,21,2,0.095,1,5,-0.47,
michael93,21,2,0.095,1,4,-0.47,
miguel80,21,2,0.095,1,5,-0.47,
ykaufman,21,2,0.095,1,5,-0.47,
cervantesmichael,21,2,0.095,3,4,-0.47,
nmorgan,21,2,0.095,1,1,-0.47,
wyattmarcus,21,2,0.095,2,2,-0.47,
elizabeth26,21,2,0.095,1,3,-0.47,
dkent,21,2,0.095,2,5,-0.47,
hbrown,21,2,0.095,1,3,-0.47,
bradleycarmen,21,2,0.095,1,6,-0.47,
debbie57,22,2,0.091,1,3,-0.54,
barbara56,22,2,0.091,2,6,-0.54,
lori76,22,2,0.091,1,3,-0.54,
kevinrose,22,2,0.091,1,3,-0.54,
qkent,22,2,0.091,1,4,-0.54,
amy40,22,2,0.091,2,4,-0.54,
qwinters,15,1,0.067,1,3,-0.72,
lindaandrade,15,1,0.067,2,7,-0.72,
ysuarez,16,1,0.062,1,4,-0.80,
william33,17,1,0.059,1,4,-0.87,
kiaramorris,17,1,0.059,2,3,-0.87,
jessicapowell,18,1,0.056,1,5,-0.93,
gdixon,18,1,0.056,1,3,-0.93,
judy39,18,1,0.056,1,3,-0.93,
duane91,18,1,0.056,1,4,-0.93,
katie67,18,1,0.056,1,2,-0.93,
fjames,18,1,0.056,1,1,-0.93,
shawnmatthews,18,1,0.056,1,5,-0.93,
garypeterson,19,1,0.053,1,2,-1.00,
snydertara,19,1,0.053,1,3,-1.00,
kristykent,19,1,0.053,3,6,-1.00,
larsenvictoria,19,1,0.053,1,3,-1.00,
alexander06,19,1,0.053,1,7,-1.00,
kathleenbarnett,19,1,0.053,1,5,-1.00,
fmiller,19,1,0.053,2,5,-1.00,
jacksonmichael,19,1,0.053,1,5,-1.00,
peter57,19,1,0.053,1,1,-1.00,
ijones,19,1,0.053,1,4,-1.00,
wellsfrederick,19,1,0.053,2,3,-1.00,
gcampbell,20,1,0.050,1,5,-1.06,
gambleangela,20,1,0.050,2,1,-1.06,
lhogan,20,1,0.050,1,4,-1.06,
tracyclark,20,1,0.050,1,1,-1.06,
angelabarry,20,1,0.050,1,4,-1.06,
reneebarrett,20,1,0.050,1,6,-1.06,
shelly82,20,1,0.050,1,5,-1.06,
jonesshawn,21,1,0.048,3,6,-1.12,
uknight,21,1,0.048,1,3,-1.12,
lori84,21,1,0.048,1,2,-1.12,
kathleengibson,21,1,0.048,1,6,-1.12,
benjamin02,18,0,0.000,1,5,-1.64,
robertssteven,19,0,0.000,1,6,-1.68,
sreyes,18,0,0.000,1,3,-1.64,
hkelly,18,0,0.000,1,6,-1.64,
clewis,17,0,0.000,1,1,-1.59,
gwendolyn93,19,0,0.000,1,4,-1.68,
smithalicia,17,0,0.000,1,2,-1.59,
moodylisa,17,0,0.000,2,4,-1.59,
lewislauren,20,0,0.000,1,7,-1.72,
alfredsimon,17,0,0.000,1,2,-1.59,
wsanchez,17,0,0.000,1,4,-1.59,
smithphillip,19,0,0.000,1,7,-1.68,
michaellopez,20,0,0.000,1,4,-1.72,
lopezpatrick,18,0,0.000,2,6,-1.64,
nelsoncaitlyn,19,0,0.000,1,4,-1.68,
millercraig,18,0,0.000,1,5,-1.64,
cynthia13,14,0,0.000,1,1,-1.44,

